{
    "loss": 0.6252429485321045,
    "accuracy": 0.7818863987922668
}